{"cameraMode":{"drawMode":0,"name":"Shaded","section":"Shading Mode"},"sceneLighting":true,"audioPlay":false,"sceneViewState":{"showFog":true,"showMaterialUpdate":false,"showSkybox":true,"showFlares":true,"showImageEffects":true,"showParticleSystems":true},"in2DMode":false,"pivot":{"x":2.119394540786743,"y":3.038198471069336,"z":17.602149963378908},"rotation":{"x":-0.08038993924856186,"y":-0.8433369994163513,"z":0.13217203319072724,"w":-0.514808714389801},"size":9.705130577087403,"orthographic":false}